{
  "total_tests": 210,
  "accuracy_rate": 0.3833333333333333,
  "avg_response_time": 5.722613561721075e-05,
  "avg_confidence": 0.2,
  "context_preservation_rate": 0.8896825396825396,
  "difficulty_breakdown": {
    "easy": {
      "count": 50,
      "accuracy": 0.6,
      "avg_response_time": 6.473064422607422e-05,
      "context_preservation": 0.96
    },
    "medium": {
      "count": 70,
      "accuracy": 0.34285714285714286,
      "avg_response_time": 4.7475951058524e-05,
      "context_preservation": 0.9285714285714285
    },
    "hard": {
      "count": 50,
      "accuracy": 0.27999999999999997,
      "avg_response_time": 7.4005126953125e-05,
      "context_preservation": 0.8566666666666667
    },
    "edge_case": {
      "count": 40,
      "accuracy": 0.3125,
      "avg_response_time": 4.393458366394043e-05,
      "context_preservation": 0.775
    }
  },
  "agent_performance": {
    "security-auditor": {
      "selections": 10,
      "accuracy": 0.5,
      "avg_response_time": 0.00014433860778808593,
      "avg_confidence": 0.0
    },
    "test-specialist": {
      "selections": 10,
      "accuracy": 0.8,
      "avg_response_time": 4.892349243164062e-05,
      "avg_confidence": 0.6400000000000001
    },
    "meta-coordinator": {
      "selections": 20,
      "accuracy": 0.5249999999999999,
      "avg_response_time": 5.025863647460938e-05,
      "avg_confidence": 0.9
    },
    "security-enforcer": {
      "selections": 10,
      "accuracy": 0.8,
      "avg_response_time": 4.6324729919433596e-05,
      "avg_confidence": 0.6400000000000001
    },
    "digdeep": {
      "selections": 100,
      "accuracy": 0.27999999999999997,
      "avg_response_time": 4.556179046630859e-05,
      "avg_confidence": 0.0
    },
    "analysis-gateway": {
      "selections": 20,
      "accuracy": 0.3,
      "avg_response_time": 6.029605865478516e-05,
      "avg_confidence": 0.5599999999999999
    },
    "docker-specialist": {
      "selections": 40,
      "accuracy": 0.375,
      "avg_response_time": 7.135868072509766e-05,
      "avg_confidence": 0.0
    }
  },
  "pattern_effectiveness": {
    "explicit_patterns": 0.5,
    "context_analysis": 0.0,
    "fallback_decisions": 0.3684210526315789
  },
  "edge_case_handling": 0.3125,
  "recommendations": [
    "Overall accuracy (38.33%) below target (90%). Consider enhancing pattern matching.",
    "Excellent response time (0.000s) meets enhanced target. Performance optimized.",
    "Low accuracy for easy cases (60.00%). Enhance easy-specific patterns.",
    "Low accuracy for medium cases (34.29%). Enhance medium-specific patterns.",
    "Low accuracy for hard cases (28.00%). Enhance hard-specific patterns.",
    "Low accuracy for edge_case cases (31.25%). Enhance edge_case-specific patterns.",
    "Explicit pattern matching needs improvement. Review and expand pattern libraries.",
    "Fallback decision tree needs enhancement. Improve edge case handling logic.",
    "Edge case handling (31.25%) needs significant improvement."
  ]
}