{
  "total_operations": 2300,
  "avg_execution_time": 0.025410176350978083,
  "min_execution_time": 0.00029098009690642357,
  "max_execution_time": 0.2429999876767397,
  "percentile_95_time": 0.05574161186814308,
  "percentile_99_time": 0.20516364718787372,
  "throughput_ops_per_sec": 38860.396785433746,
  "agent_distribution": {
    "test-specialist": 300,
    "infrastructure-engineer": 400,
    "security-enforcer": 600,
    "intelligent-enhancer": 600,
    "performance-optimizer": 200,
    "ci-specialist": 200
  },
  "query_type_performance": {
    "technical": {
      "count": 300,
      "avg_time": 0.02606614240600417,
      "min_time": 0.00925001222640276,
      "max_time": 0.09741599205881357,
      "median_time": 0.015687488485127687
    },
    "production": {
      "count": 400,
      "avg_time": 0.016099872445920482,
      "min_time": 0.007959024515002966,
      "max_time": 0.13170804595574737,
      "median_time": 0.01675001112744212
    },
    "edge": {
      "count": 400,
      "avg_time": 0.05604326172033325,
      "min_time": 0.00029098009690642357,
      "max_time": 0.2429999876767397,
      "median_time": 0.01220850390382111
    },
    "complex": {
      "count": 300,
      "avg_time": 0.03216374878926823,
      "min_time": 0.028125010430812836,
      "max_time": 0.05212496034801006,
      "median_time": 0.031291478080675006
    },
    "simple": {
      "count": 400,
      "avg_time": 0.01447241855203174,
      "min_time": 0.006332993507385254,
      "max_time": 0.08900003740563989,
      "median_time": 0.007500028004869819
    },
    "medium": {
      "count": 500,
      "avg_time": 0.012656434322707355,
      "min_time": 0.009833020158112049,
      "max_time": 0.04441698547452688,
      "median_time": 0.01135401544161141
    }
  },
  "memory_analysis": {
    "total_memory_growth_bytes": 85576,
    "total_memory_growth_mb": 0.08161163330078125,
    "top_memory_consumers": [
      {
        "location": "  File \"/Users/ricardocarvalho/DeveloperFolder/DevMem/src/agent_selector.py\", line 350",
        "size_diff_bytes": 25200,
        "count_diff": 210
      },
      {
        "location": "  File \"/Users/ricardocarvalho/DeveloperFolder/DevMem/src/agent_selector.py\", line 327",
        "size_diff_bytes": 13680,
        "count_diff": 180
      },
      {
        "location": "  File \"/Users/ricardocarvalho/DeveloperFolder/DevMem/src/agent_selector.py\", line 186",
        "size_diff_bytes": 11592,
        "count_diff": 207
      },
      {
        "location": "  File \"/Users/ricardocarvalho/DeveloperFolder/DevMem/src/agent_selector.py\", line 220",
        "size_diff_bytes": 10080,
        "count_diff": 180
      },
      {
        "location": "  File \"/Users/ricardocarvalho/DeveloperFolder/DevMem/src/agent_selector.py\", line 360",
        "size_diff_bytes": 6592,
        "count_diff": 1
      }
    ]
  },
  "bottlenecks": [
    "Query type 'edge' is slow: 0.06ms avg (vs overall 0.03ms)"
  ],
  "optimization_opportunities": [
    "Input length correlation: Long queries 0.20ms vs short 0.01ms - consider early pattern matching",
    "Agent selection variance: intelligent-enhancer (0.05ms) vs test-specialist (0.01ms) - investigate selection logic",
    "Edge case handling inefficient: 0.06ms vs simple 0.01ms - improve fallback logic",
    "Consistent execution times suggest caching opportunities for pattern matching results"
  ],
  "recommendations": [
    "PRIORITY LOW: Performance within acceptable range - monitor and maintain",
    "Implement early pattern matching: optimize for query length correlation",
    "Optimize agent selection pipeline: address performance differences between agents"
  ],
  "timestamp": 1754634728.2942662,
  "profiler_version": "1.0"
}